Filename,Stroke,Unnamed: 2,Unnamed: 3,Notes,Unnamed: 5,Unnamed: 6,Notes.1
backstroke-swimmming-race/Image_2,backstroke,,,,,,
backstroke-swimmming-race/Image_4,backstroke,,,,,,
backstroke-swimmming-race/Image_5,backstroke,,,,,,
backstroke-swimmming-race/Image_8,backstroke,,,,,,
backstroke-swimmming-race/Image_10,backstroke,,,,,,
backstroke-swimmming-race/Image_12,backstroke,,,,,,
backstroke-swimmming-race/Image_13,backstroke,,,,,,
backstroke-swimmming-race/Image_16,backstroke,,,,,,
backstroke-swimmming-race/Image_17,backstroke,,,,,,
backstroke-swimmming-race/Image_18,backstroke,,,,,,
backstroke-swimmming-race/Image_20,backstroke,,,,,,
backstroke-swimmming-race/Image_29,backstroke,,,,,,
backstroke-swimmming-race/Image_30,backstroke,,,,,,
backstroke-swimmming-race/Image_31,backstroke,,,,,,
backstroke-swimmming-race/Image_32,backstroke,,,,,,
backstroke-swimmming-race/Image_33,backstroke,,,,,,
backstroke-swimmming-race/Image_34,backstroke,,,,,,
backstroke-swimmming-race/Image_35,backstroke,,,,,,
backstroke-swimmming-race/Image_37,backstroke,,,,,,
backstroke-swimmming-race/Image_39,backstroke,,,,,,
backstroke-swimmming-race/Image_41,backstroke,,,,,,
backstroke-swimmming-race/Image_42,backstroke,,,,,,
backstroke-swimmming-race/Image_43,backstroke,,,,,,
backstroke-swimmming-race/Image_44,backstroke,,,,,,
backstroke-swimmming-race/Image_45,backstroke,,,,,,
backstroke-swimmming-race/Image_46,backstroke,,,,,,
backstroke-swimmming-race/Image_48,backstroke,,,,,,
backstroke-swimmming-race/Image_52,backstroke,,,,,,
backstroke-swimmming-race/Image_54,backstroke,,,,,,
backstroke-swimmming-race/Image_58,backstroke,,,,,,
backstroke-swimmming-race/Image_60,backstroke,,,,,,
backstroke-swimmming-race/Image_61,backstroke,,,,,,
backstroke-swimmming-race/Image_62,backstroke,,,,,,
backstroke-swimmming-race/Image_63,backstroke,,,,,,
backstroke-swimmming-race/Image_65,backstroke,,,,,,
backstroke-swimmming-race/Image_67,backstroke,,,,,,
backstroke-swimmming-race/Image_71,backstroke,,,,,,
backstroke-swimmming-race/Image_74,backstroke,,,,,,
backstroke-swimmming-race/Image_76,backstroke,,,,,,
backstroke-swimmming-race/Image_77,backstroke,,,,,,
backstroke-swimmming-race/Image_83,backstroke,,,,,,
backstroke-swimmming-race/Image_86,backstroke,,,,,,
backstroke-swimmming-race/Image_87,backstroke,,,,,,
backstroke-swimmming-race/Image_89,backstroke,,,,,,
backstroke-swimmming-race/Image_90,backstroke,,,,,,
backstroke-swimmming-race/Image_92,backstroke,,,,,,
backstroke-swimmming-race/Image_93,backstroke,,,,,,
backstroke-swimmming-race/Image_96,backstroke,,,,,,
backstroke-swimmming-race/Image_98,backstroke,,,,,,
backstroke-swimmming-race/Image_99,backstroke,,,,,,
backstroke-swimmming-race/Image_100,backstroke,,,,,,
backstroke-swimmming-race/Image_101,backstroke,,,,,,
backstroke-swimmming-race/Image_106,backstroke,,,,,,
backstroke-swimmming-race/Image_110,backstroke,,,,,,
backstroke-swimmming-race/Image_116,backstroke,,,,,,
backstroke-swimmming-race/Image_118,backstroke,,,,,,
backstroke-swimmming-race/Image_120,backstroke,,,,,,
backstroke-swimmming-race/Image_121,backstroke,,,,,,
backstroke-swimmming-race/Image_122,backstroke,,,,,,
backstroke-swimmming-race/Image_125,backstroke,,,,,,
backstroke-swimmming-race/Image_132,backstroke,,,,,,
backstroke-swimmming-race/Image_134,backstroke,,,,,,
backstroke-swimmming-race/Image_137,backstroke,,,,,,
backstroke-swimmming-race/Image_139,backstroke,,,,,,
backstroke-swimmming-race/Image_140,backstroke,,,,,,
backstroke-swimmming-race/Image_142,backstroke,,,,,,
backstroke-swimmming-race/Image_144,backstroke,,,,,,
backstroke-swimmming-race/Image_145,backstroke,,,,,,
backstroke-swimmming-race/Image_150,backstroke,,,,,,
backstroke-swimmming-race/Image_152,backstroke,,,,,,
backstroke-swimmming-race/Image_158,backstroke,,,,,,
backstroke-swimmming-race/Image_159,backstroke,,,,,,
backstroke-swimmming-race/Image_161,backstroke,,,,,,
backstroke-swimmming-race/Image_165,backstroke,,,,,,
backstroke-swimmming-race/Image_176,backstroke,,,,,,
backstroke-swimmming-race/Image_186,backstroke,,,,,,
backstroke-swimmming-race/Image_189,backstroke,,,,,,
backstroke-swimmming-race/Image_190,backstroke,,,,,,
backstroke-swimmming-race/Image_199,backstroke,,,,,,
breastroke-swimmming-race/Image_1,breastroke,,,,,,
breastroke-swimmming-race/Image_4,breastroke,,,,,,
breastroke-swimmming-race/Image_5,breastroke,,,,,,
breastroke-swimmming-race/Image_6,breastroke,,,,,,
breastroke-swimmming-race/Image_7,breastroke,,,,,,
breastroke-swimmming-race/Image_9,breastroke,,,,,,
breastroke-swimmming-race/Image_11,breastroke,,,,,,
breastroke-swimmming-race/Image_12,breastroke,,,,,,
breastroke-swimmming-race/Image_14,breastroke,,,,,,
breastroke-swimmming-race/Image_15,breastroke,,,,,,
breastroke-swimmming-race/Image_16,breastroke,,,,,,
breastroke-swimmming-race/Image_17,breastroke,,,,,,
breastroke-swimmming-race/Image_18,breastroke,,,,,,
breastroke-swimmming-race/Image_19,breastroke,,,,,,
breastroke-swimmming-race/Image_23,breastroke,,,,,,
breastroke-swimmming-race/Image_24,breastroke,,,,,,
breastroke-swimmming-race/Image_27,breastroke,,,,,,
breastroke-swimmming-race/Image_28,breastroke,,,,,,
breastroke-swimmming-race/Image_29,breastroke,,,,,,
breastroke-swimmming-race/Image_30,breastroke,,,,,,
breastroke-swimmming-race/Image_31,breastroke,,,,,,
breastroke-swimmming-race/Image_32,breastroke,,,,,,
breastroke-swimmming-race/Image_34,breastroke,,,,,,
breastroke-swimmming-race/Image_35,breastroke,,,,,,
breastroke-swimmming-race/Image_36,breastroke,,,,,,
breastroke-swimmming-race/Image_38,breastroke,,,,,,
breastroke-swimmming-race/Image_40,breastroke,,,,,,
breastroke-swimmming-race/Image_41,breastroke,,,,,,
breastroke-swimmming-race/Image_42,breastroke,,,,,,
breastroke-swimmming-race/Image_43,breastroke,,,,,,
breastroke-swimmming-race/Image_47,breastroke,,,,,,
breastroke-swimmming-race/Image_48,breastroke,,,,,,
breastroke-swimmming-race/Image_49,breastroke,,,,,,
breastroke-swimmming-race/Image_50,breastroke,,,,,,
breastroke-swimmming-race/Image_52,breastroke,,,,,,
breastroke-swimmming-race/Image_53,breastroke,,,,,,
breastroke-swimmming-race/Image_54,breastroke,,,,,,
breastroke-swimmming-race/Image_55,breastroke,,,,,,
breastroke-swimmming-race/Image_57,breastroke,,,,,,
breastroke-swimmming-race/Image_58,breastroke,,,,,,
breastroke-swimmming-race/Image_60,breastroke,,,,,,
breastroke-swimmming-race/Image_61,breastroke,,,,,,
breastroke-swimmming-race/Image_62,breastroke,,,,,,
breastroke-swimmming-race/Image_63,breastroke,,,,,,
breastroke-swimmming-race/Image_64,breastroke,,,,,,
breastroke-swimmming-race/Image_65,breastroke,,,,,,
breastroke-swimmming-race/Image_66,breastroke,,,,,,
breastroke-swimmming-race/Image_67,breastroke,,,,,,
breastroke-swimmming-race/Image_68,breastroke,,,,,,
breastroke-swimmming-race/Image_69,breastroke,,,,,,
breastroke-swimmming-race/Image_70,breastroke,,,,,,
breastroke-swimmming-race/Image_71,breastroke,,,,,,
breastroke-swimmming-race/Image_72,breastroke,,,,,,
breastroke-swimmming-race/Image_75,breastroke,,,,,,
breastroke-swimmming-race/Image_77,breastroke,,,,,,
breastroke-swimmming-race/Image_78,breastroke,,,,,,
breastroke-swimmming-race/Image_79,breastroke,,,,,,
breastroke-swimmming-race/Image_80,breastroke,,,,,,
breastroke-swimmming-race/Image_84,breastroke,,,,,,
breastroke-swimmming-race/Image_85,breastroke,,,,,,
breastroke-swimmming-race/Image_86,breastroke,,,,,,
breastroke-swimmming-race/Image_87,breastroke,,,,,,
breastroke-swimmming-race/Image_88,breastroke,,,,,,
breastroke-swimmming-race/Image_90,breastroke,,,,,,
breastroke-swimmming-race/Image_91,breastroke,,,,,,
breastroke-swimmming-race/Image_92,breastroke,,,,,,
breastroke-swimmming-race/Image_93,breastroke,,,,,,
breastroke-swimmming-race/Image_96,breastroke,,,,,,
breastroke-swimmming-race/Image_99,breastroke,,,,,,
breastroke-swimmming-race/Image_100,breastroke,,,,,,
breastroke-swimmming-race/Image_101,breastroke,,,,,,
breastroke-swimmming-race/Image_102,breastroke,,,,,,
breastroke-swimmming-race/Image_105,breastroke,,,,,,
breastroke-swimmming-race/Image_106,breastroke,,,,,,
breastroke-swimmming-race/Image_107,breastroke,,,,,,
breastroke-swimmming-race/Image_108,breastroke,,,,,,
breastroke-swimmming-race/Image_109,breastroke,,,,,,
breastroke-swimmming-race/Image_112,breastroke,,,,,,
breastroke-swimmming-race/Image_113,breastroke,,,,,,
breastroke-swimmming-race/Image_114,breastroke,,,,,,
breastroke-swimmming-race/Image_116,breastroke,,,,,,
breastroke-swimmming-race/Image_117,breastroke,,,,,,
breastroke-swimmming-race/Image_118,breastroke,,,,,,
breastroke-swimmming-race/Image_119,breastroke,,,,,,
breastroke-swimmming-race/Image_121,breastroke,,,,,,
breastroke-swimmming-race/Image_122,breastroke,,,,,,
breastroke-swimmming-race/Image_123,breastroke,,,,,,
breastroke-swimmming-race/Image_125,breastroke,,,,,,
breastroke-swimmming-race/Image_128,breastroke,,,,,,
breastroke-swimmming-race/Image_129,breastroke,,,,,,
breastroke-swimmming-race/Image_133,breastroke,,,,,,
breastroke-swimmming-race/Image_141,breastroke,,,,,,
breastroke-swimmming-race/Image_143,breastroke,,,,,,
breastroke-swimmming-race/Image_145,breastroke,,,,,,
breastroke-swimmming-race/Image_146,breastroke,,,,,,
breastroke-swimmming-race/Image_148,breastroke,,,,,,
breastroke-swimmming-race/Image_149,breastroke,,,,,,
breastroke-swimmming-race/Image_151,breastroke,,,,,,
breastroke-swimmming-race/Image_152,breastroke,,,,,,
breastroke-swimmming-race/Image_154,breastroke,,,,,,
breastroke-swimmming-race/Image_158,breastroke,,,,,,
breastroke-swimmming-race/Image_159,backstroke,,,,,,
breastroke-swimmming-race/Image_163,breastroke,,,,,,
breastroke-swimmming-race/Image_168,breastroke,,,,,,
butterfly-swimmming/Image_2,butterfly,,,,,,
butterfly-swimmming/Image_3,butterfly,,,,,,
butterfly-swimmming/Image_4,butterfly,,,,,,
butterfly-swimmming/Image_5,butterfly,,,,,,
butterfly-swimmming/Image_6,butterfly,,,,,,
butterfly-swimmming/Image_7,butterfly,,,,,,
butterfly-swimmming/Image_9,butterfly,,,,,,
butterfly-swimmming/Image_11,butterfly,,,,,,
butterfly-swimmming/Image_13,butterfly,,,,,,
butterfly-swimmming/Image_14,butterfly,,,,,,
butterfly-swimmming/Image_15,butterfly,,,,,,
butterfly-swimmming/Image_18,butterfly,,,,,,
butterfly-swimmming/Image_19,butterfly,,,,,,
butterfly-swimmming/Image_20,butterfly,,,,,,
butterfly-swimmming/Image_22,butterfly,,,,,,
butterfly-swimmming/Image_24,butterfly,,,,,,
butterfly-swimmming/Image_27,butterfly,,,,,,
butterfly-swimmming/Image_30,butterfly,,,,,,
butterfly-swimmming/Image_34,butterfly,,,,,,
butterfly-swimmming/Image_35,butterfly,,,,,,
butterfly-swimmming/Image_40,butterfly,,,,,,
butterfly-swimmming/Image_45,butterfly,,,,,,
butterfly-swimmming/Image_49,butterfly,,,,,,
butterfly-swimmming/Image_55,butterfly,,,,,,
butterfly-swimmming/Image_57,butterfly,,,,,,
butterfly-swimmming/Image_58,butterfly,,,,,,
butterfly-swimmming/Image_60,butterfly,,,,,,
butterfly-swimmming/Image_62,butterfly,,,,,,
butterfly-swimmming/Image_64,butterfly,,,,,,
butterfly-swimmming/Image_65,butterfly,,,,,,
butterfly-swimmming/Image_67,butterfly,,,,,,
butterfly-swimmming/Image_71,butterfly,,,,,,
butterfly-swimmming/Image_79,butterfly,,,,,,
butterfly-swimmming/Image_80,butterfly,,,,,,
butterfly-swimmming/Image_81,butterfly,,,,,,
butterfly-swimmming/Image_84,butterfly,,,,,,
butterfly-swimmming/Image_85,butterfly,,,,,,
butterfly-swimmming/Image_86,butterfly,,,,,,
butterfly-swimmming/Image_87,butterfly,,,,,,
butterfly-swimmming/Image_88,butterfly,,,,,,
butterfly-swimmming/Image_89,butterfly,,,,,,
butterfly-swimmming/Image_91,butterfly,,,,,,
butterfly-swimmming/Image_92,butterfly,,,,,,
butterfly-swimmming/Image_93,butterfly,,,,,,
butterfly-swimmming/Image_94,butterfly,,,,,,
butterfly-swimmming/Image_96,butterfly,,,,,,
butterfly-swimmming/Image_100,butterfly,,,,,,
butterfly-swimmming/Image_101,butterfly,,,,,,
butterfly-swimmming/Image_105,butterfly,,,,,,
butterfly-swimmming/Image_106,butterfly,,,,,,
butterfly-swimmming/Image_107,butterfly,,,,,,
butterfly-swimmming/Image_112,butterfly,,,,,,
butterfly-swimmming/Image_113,butterfly,,,,,,
butterfly-swimmming/Image_115,butterfly,,,,,,
butterfly-swimmming/Image_116,butterfly,,,,,,
butterfly-swimmming/Image_117,butterfly,,,,,,
butterfly-swimmming/Image_120,butterfly,,,,,,
butterfly-swimmming/Image_123,butterfly,,,,,,
butterfly-swimmming/Image_124,butterfly,,,,,,
butterfly-swimmming/Image_125,butterfly,,,,,,
butterfly-swimmming/Image_126,butterfly,,,,,,
butterfly-swimmming/Image_128,butterfly,,,,,,
butterfly-swimmming/Image_133,butterfly,,,,,,
butterfly-swimmming/Image_135,butterfly,,,,,,
butterfly-swimmming/Image_137,butterfly,,,,,,
butterfly-swimmming/Image_138,butterfly,,,,,,
butterfly-swimmming/Image_139,butterfly,,,,,,
butterfly-swimmming/Image_140,butterfly,,,,,,
butterfly-swimmming/Image_141,butterfly,,,,,,
butterfly-swimmming/Image_142,butterfly,,,,,,
butterfly-swimmming/Image_143,butterfly,,,,,,
butterfly-swimmming/Image_147,butterfly,,,,,,
butterfly-swimmming/Image_148,butterfly,,,,,,
butterfly-swimmming/Image_149,butterfly,,,,,,
butterfly-swimmming/Image_155,butterfly,,,,,,
butterfly-swimmming/Image_157,butterfly,,,,,,
butterfly-swimmming/Image_158,butterfly,,,,,,
butterfly-swimmming/Image_159,butterfly,,,,,,
butterfly-swimmming/Image_160,butterfly,,,,,,
butterfly-swimmming/Image_161,butterfly,,,,,,
butterfly-swimmming/Image_162,butterfly,,,,,,
butterfly-swimmming/Image_165,butterfly,,,,,,
butterfly-swimmming/Image_166,butterfly,,,,,,
butterfly-swimmming/Image_167,butterfly,,,,,,
butterfly-swimmming/Image_168,butterfly,,,,,,
butterfly-swimmming/Image_169,butterfly,,,,,,
butterfly-swimmming/Image_170,butterfly,,,,,,
butterfly-swimmming/Image_172,butterfly,,,,,,
butterfly-swimmming/Image_177,butterfly,,,,,,
butterfly-swimmming/Image_178,butterfly,,,,,,
butterfly-swimmming/Image_180,butterfly,,,,,,
butterfly-swimmming/Image_181,butterfly,,,,,,
butterfly-swimmming/Image_182,butterfly,,,,,,
butterfly-swimmming/Image_183,butterfly,,,,,,
butterfly-swimmming/Image_184,butterfly,,,,,,
butterfly-swimmming/Image_185,butterfly,,,,,,
butterfly-swimmming/Image_186,butterfly,,,,,,
butterfly-swimmming/Image_187,butterfly,,,,,,
butterfly-swimmming/Image_188,butterfly,,,,,,
butterfly-swimmming/Image_189,butterfly,,,,,,
butterfly-swimmming/Image_190,butterfly,,,,,,
butterfly-swimmming/Image_191,butterfly,,,,,,
butterfly-swimmming/Image_192,butterfly,,,,,,
butterfly-swimmming/Image_204,butterfly,,,,,,
butterfly-swimmming/Image_205,butterfly,,,,,,
butterfly-swimmming/Image_209,butterfly,,,,,,
butterfly-swimmming/Image_210,butterfly,,,,,,
butterfly-swimmming/Image_211,butterfly,,,,,,
butterfly-swimmming/Image_212,butterfly,,,,,,
butterfly-swimmming/Image_220,butterfly,,,,,,
butterfly-swimmming/Image_221,butterfly,,,,,,
butterfly-swimmming/Image_222,butterfly,,,,,,
butterfly-swimmming/Image_223,butterfly,,,,,,
butterfly-swimmming/Image_224,butterfly,,,,,,
butterfly-swimmming/Image_225,butterfly,,,,,,
butterfly-swimmming/Image_231,butterfly,,,,,,
butterfly-swimmming/Image_232,butterfly,,,,,,
butterfly-swimmming/Image_234,butterfly,,,,,,
butterfly-swimmming/Image_235,butterfly,,,,,,
butterfly-swimmming/Image_242,butterfly,,,,,,
butterfly-swimmming/Image_245,butterfly,,,,,,
butterfly-swimmming/Image_246,butterfly,,,,,,
butterfly-swimmming/Image_2,butterfly,,,,,,
butterfly-swimmming/Image_3,butterfly,,,,,,
butterfly-swimmming/Image_4,butterfly,,,,,,
butterfly-swimmming/Image_5,butterfly,,,,,,
butterfly-swimmming/Image_6,butterfly,,,,,,
butterfly-swimmming/Image_7,butterfly,,,,,,
butterfly-swimmming/Image_9,butterfly,,,,,,
butterfly-swimmming/Image_11,butterfly,,,,,,
butterfly-swimmming/Image_13,butterfly,,,,,,
butterfly-swimmming/Image_14,butterfly,,,,,,
butterfly-swimmming/Image_15,butterfly,,,,,,
butterfly-swimmming/Image_18,butterfly,,,,,,
butterfly-swimmming/Image_19,butterfly,,,,,,
butterfly-swimmming/Image_20,butterfly,,,,,,
butterfly-swimmming/Image_22,butterfly,,,,,,
butterfly-swimmming/Image_24,butterfly,,,,,,
butterfly-swimmming/Image_27,butterfly,,,,,,
butterfly-swimmming/Image_30,butterfly,,,,,,
butterfly-swimmming/Image_34,butterfly,,,,,,
butterfly-swimmming/Image_35,butterfly,,,,,,
butterfly-swimmming/Image_40,butterfly,,,,,,
butterfly-swimmming/Image_45,butterfly,,,,,,
butterfly-swimmming/Image_49,butterfly,,,,,,
butterfly-swimmming/Image_55,butterfly,,,,,,
butterfly-swimmming/Image_57,butterfly,,,,,,
butterfly-swimmming/Image_58,butterfly,,,,,,
butterfly-swimmming/Image_60,butterfly,,,,,,
butterfly-swimmming/Image_62,butterfly,,,,,,
butterfly-swimmming/Image_64,butterfly,,,,,,
butterfly-swimmming/Image_65,butterfly,,,,,,
butterfly-swimmming/Image_67,butterfly,,,,,,
butterfly-swimmming/Image_71,butterfly,,,,,,
butterfly-swimmming/Image_79,butterfly,,,,,,
butterfly-swimmming/Image_80,butterfly,,,,,,
butterfly-swimmming/Image_81,butterfly,,,,,,
butterfly-swimmming/Image_84,butterfly,,,,,,
butterfly-swimmming/Image_85,butterfly,,,,,,
butterfly-swimmming/Image_86,butterfly,,,,,,
butterfly-swimmming/Image_87,butterfly,,,,,,
butterfly-swimmming/Image_88,butterfly,,,,,,
butterfly-swimmming/Image_89,butterfly,,,,,,
butterfly-swimmming/Image_91,butterfly,,,,,,
butterfly-swimmming/Image_92,butterfly,,,,,,
butterfly-swimmming/Image_93,butterfly,,,,,,
butterfly-swimmming/Image_94,butterfly,,,,,,
butterfly-swimmming/Image_96,butterfly,,,,,,
butterfly-swimmming/Image_100,butterfly,,,,,,
butterfly-swimmming/Image_101,butterfly,,,,,,
butterfly-swimmming/Image_105,butterfly,,,,,,
butterfly-swimmming/Image_106,butterfly,,,,,,
butterfly-swimmming/Image_107,butterfly,,,,,,
butterfly-swimmming/Image_112,butterfly,,,,,,
butterfly-swimmming/Image_113,butterfly,,,,,,
butterfly-swimmming/Image_115,butterfly,,,,,,
butterfly-swimmming/Image_116,butterfly,,,,,,
butterfly-swimmming/Image_117,butterfly,,,,,,
butterfly-swimmming/Image_120,butterfly,,,,,,
butterfly-swimmming/Image_123,butterfly,,,,,,
butterfly-swimmming/Image_124,butterfly,,,,,,
butterfly-swimmming/Image_125,butterfly,,,,,,
butterfly-swimmming/Image_126,butterfly,,,,,,
butterfly-swimmming/Image_128,butterfly,,,,,,
butterfly-swimmming/Image_133,butterfly,,,,,,
butterfly-swimmming/Image_135,butterfly,,,,,,
butterfly-swimmming/Image_137,butterfly,,,,,,
butterfly-swimmming/Image_138,butterfly,,,,,,
butterfly-swimmming/Image_139,butterfly,,,,,,
butterfly-swimmming/Image_140,butterfly,,,,,,
butterfly-swimmming/Image_141,butterfly,,,,,,
butterfly-swimmming/Image_142,butterfly,,,,,,
butterfly-swimmming/Image_143,butterfly,,,,,,
butterfly-swimmming/Image_147,butterfly,,,,,,
butterfly-swimmming/Image_148,butterfly,,,,,,
butterfly-swimmming/Image_149,butterfly,,,,,,
butterfly-swimmming/Image_155,butterfly,,,,,,
butterfly-swimmming/Image_157,butterfly,,,,,,
butterfly-swimmming/Image_158,butterfly,,,,,,
butterfly-swimmming/Image_159,butterfly,,,,,,
butterfly-swimmming/Image_160,butterfly,,,,,,
butterfly-swimmming/Image_161,butterfly,,,,,,
butterfly-swimmming/Image_162,butterfly,,,,,,
butterfly-swimmming/Image_165,butterfly,,,,,,
butterfly-swimmming/Image_166,butterfly,,,,,,
butterfly-swimmming/Image_167,butterfly,,,,,,
butterfly-swimmming/Image_168,butterfly,,,,,,
butterfly-swimmming/Image_169,butterfly,,,,,,
butterfly-swimmming/Image_170,butterfly,,,,,,
butterfly-swimmming/Image_172,butterfly,,,,,,
butterfly-swimmming/Image_177,butterfly,,,,,,
butterfly-swimmming/Image_178,butterfly,,,,,,
butterfly-swimmming/Image_180,butterfly,,,,,,
butterfly-swimmming/Image_181,butterfly,,,,,,
butterfly-swimmming/Image_182,butterfly,,,,,,
butterfly-swimmming/Image_183,butterfly,,,,,,
butterfly-swimmming/Image_184,butterfly,,,,,,
butterfly-swimmming/Image_185,butterfly,,,,,,
butterfly-swimmming/Image_186,butterfly,,,,,,
butterfly-swimmming/Image_187,butterfly,,,,,,
butterfly-swimmming/Image_188,butterfly,,,,,,
butterfly-swimmming/Image_189,butterfly,,,,,,
butterfly-swimmming/Image_190,butterfly,,,,,,
butterfly-swimmming/Image_191,butterfly,,,,,,
butterfly-swimmming/Image_192,butterfly,,,,,,
butterfly-swimmming/Image_204,butterfly,,,,,,
butterfly-swimmming/Image_205,butterfly,,,,,,
butterfly-swimmming/Image_209,butterfly,,,,,,
butterfly-swimmming/Image_210,butterfly,,,,,,
butterfly-swimmming/Image_211,butterfly,,,,,,
butterfly-swimmming/Image_212,butterfly,,,,,,
butterfly-swimmming/Image_220,butterfly,,,,,,
butterfly-swimmming/Image_221,butterfly,,,,,,
butterfly-swimmming/Image_222,butterfly,,,,,,
butterfly-swimmming/Image_223,butterfly,,,,,,
butterfly-swimmming/Image_224,butterfly,,,,,,
butterfly-swimmming/Image_225,butterfly,,,,,,
butterfly-swimmming/Image_231,butterfly,,,,,,
butterfly-swimmming/Image_232,butterfly,,,,,,
butterfly-swimmming/Image_234,butterfly,,,,,,
butterfly-swimmming/Image_235,butterfly,,,,,,
butterfly-swimmming/Image_242,butterfly,,,,,,
butterfly-swimmming/Image_245,butterfly,,,,,,
butterfly-swimmming/Image_246,butterfly,,,,,,
freestyle-swimmming/Image_21,freestyle,,,,,,
freestyle-swimmming/Image_22,freestyle,,,,,,
freestyle-swimmming/Image_23,freestyle,,,,,,
freestyle-swimmming/Image_26,freestyle,,,,,,
freestyle-swimmming/Image_27,freestyle,,,,,,
freestyle-swimmming/Image_28,freestyle,,,,,,
freestyle-swimmming/Image_30,freestyle,,,,,,
freestyle-swimmming/Image_52,freestyle,,,,,,
freestyle-swimmming/Image_53,freestyle,,,,,,
freestyle-swimmming/Image_55,freestyle,,,,,,
freestyle-swimmming/Image_56,freestyle,,,,,,
freestyle-swimmming/Image_57,freestyle,,,,,,
freestyle-swimmming/Image_61,freestyle,,,,,,
freestyle-swimmming/Image_62,freestyle,,,,,,
freestyle-swimmming/Image_72,freestyle,,,,,,
freestyle-swimmming/Image_74,freestyle,,,,,,
freestyle-swimmming/Image_75,freestyle,,,,,,
freestyle-swimmming/Image_78,freestyle,,,,,,
freestyle-swimmming/Image_80,freestyle,,,,,,
freestyle-swimmming/Image_84,freestyle,,,,,,
freestyle-swimmming/Image_89,freestyle,,,,,,
freestyle-swimmming/Image_90,freestyle,,,,,,
freestyle-swimmming/Image_91,freestyle,,,,,,
freestyle-swimmming/Image_92,freestyle,,,,,,
freestyle-swimmming/Image_93,freestyle,,,,,,
freestyle-swimmming/Image_94,freestyle,,,,,,
freestyle-swimmming/Image_99,freestyle,,,,,,
freestyle-swimmming/Image_100,freestyle,,,,,,
freestyle-swimmming/Image_101,freestyle,,,,,,
freestyle-swimmming/Image_104,freestyle,,,,,,
freestyle-swimmming/Image_108,freestyle,,,,,,
freestyle-swimmming/Image_112,freestyle,,,,,,
freestyle-swimmming/Image_114,freestyle,,,,,,
freestyle-swimmming/Image_115,freestyle,,,,,,
freestyle-swimmming/Image_116,freestyle,,,,,,
freestyle-swimmming/Image_117,freestyle,,,,,,
freestyle-swimmming/Image_118,freestyle,,,,,,
freestyle-swimmming/Image_121,freestyle,,,,,,
freestyle-swimmming/Image_122,freestyle,,,,,,
freestyle-swimmming/Image_131,freestyle,,,,,,
freestyle-swimmming/Image_132,freestyle,,,,,,
freestyle-swimmming/Image_134,freestyle,,,,,,
